date,week,weekday,day,work_hours
2022-01-01,1,6,day_off,0
2022-01-02,2,7,day_off,0
2022-01-03,2,1,workday,8
2022-01-04,2,2,workday,8
2022-01-05,2,3,workday,8
2022-01-06,2,4,workday,8
2022-01-07,2,5,workday,8
2022-01-08,2,6,day_off,0
2022-01-09,3,7,day_off,0
2022-01-10,3,1,workday,8
2022-01-11,3,2,workday,8
2022-01-12,3,3,workday,8
2022-01-13,3,4,workday,8
2022-01-14,3,5,workday,8
2022-01-15,3,6,day_off,0
2022-01-16,4,7,day_off,0
2022-01-17,4,1,workday,8
2022-01-18,4,2,workday,8
2022-01-19,4,3,workday,8
2022-01-20,4,4,workday,8
2022-01-21,4,5,workday,8
2022-01-22,4,6,day_off,0
2022-01-23,5,7,day_off,0
2022-01-24,5,1,workday,8
2022-01-25,5,2,workday,8
2022-01-26,5,3,workday,8
2022-01-27,5,4,workday,8
2022-01-28,5,5,workday,8
2022-01-29,5,6,day_off,0
2022-01-30,6,7,day_off,0
2022-01-31,6,1,workday,8
2022-02-01,6,2,workday,8
2022-02-02,6,3,workday,8
2022-02-03,6,4,workday,8
2022-02-04,6,5,workday,8
2022-02-05,6,6,day_off,0
2022-02-06,7,7,day_off,0
2022-02-07,7,1,workday,8
2022-02-08,7,2,workday,8
2022-02-09,7,3,workday,8
2022-02-10,7,4,workday,8
2022-02-11,7,5,workday,8
2022-02-12,7,6,day_off,0
2022-02-13,8,7,day_off,0
2022-02-14,8,1,workday,8
2022-02-15,8,2,workday,8
2022-02-16,8,3,workday,8
2022-02-17,8,4,workday,8
2022-02-18,8,5,workday,8
2022-02-19,8,6,day_off,0
2022-02-20,9,7,day_off,0
2022-02-21,9,1,workday,8
2022-02-22,9,2,workday,8
2022-02-23,9,3,workday,8
2022-02-24,9,4,workday,8
2022-02-25,9,5,workday,8
2022-02-26,9,6,day_off,0
2022-02-27,10,7,day_off,0
2022-02-28,10,1,workday,8
2022-03-01,10,2,workday,8
2022-03-02,10,3,workday,8
2022-03-03,10,4,workday,8
2022-03-04,10,5,workday,8
2022-03-05,10,6,day_off,0
2022-03-06,11,7,day_off,0
2022-03-07,11,1,workday,8
2022-03-08,11,2,workday,8
2022-03-09,11,3,workday,8
2022-03-10,11,4,workday,8
2022-03-11,11,5,workday,8
2022-03-12,11,6,day_off,0
2022-03-13,12,7,day_off,0
2022-03-14,12,1,workday,8
2022-03-15,12,2,workday,8
2022-03-16,12,3,workday,8
2022-03-17,12,4,workday,8
2022-03-18,12,5,workday,8
2022-03-19,12,6,day_off,0
2022-03-20,13,7,day_off,0
2022-03-21,13,1,workday,8
2022-03-22,13,2,workday,8
2022-03-23,13,3,workday,8
2022-03-24,13,4,workday,8
2022-03-25,13,5,workday,8
2022-03-26,13,6,day_off,0
2022-03-27,14,7,day_off,0
2022-03-28,14,1,workday,8
2022-03-29,14,2,workday,8
2022-03-30,14,3,workday,8
2022-03-31,14,4,workday,8
2022-04-01,14,5,workday,8
2022-04-02,14,6,day_off,0
2022-04-03,15,7,day_off,0
2022-04-04,15,1,workday,8
2022-04-05,15,2,workday,8
2022-04-06,15,3,workday,8
2022-04-07,15,4,workday,8
2022-04-08,15,5,workday,8
2022-04-09,15,6,day_off,0
2022-04-10,16,7,day_off,0
2022-04-11,16,1,workday,8
2022-04-12,16,2,workday,8
2022-04-13,16,3,workday,8
2022-04-14,16,4,workday,8
2022-04-15,16,5,workday,8
2022-04-16,16,6,day_off,0
2022-04-17,17,7,day_off,0
2022-04-18,17,1,workday,8
2022-04-19,17,2,workday,8
2022-04-20,17,3,workday,8
2022-04-21,17,4,workday,8
2022-04-22,17,5,workday,8
2022-04-23,17,6,day_off,0
2022-04-24,18,7,day_off,0
2022-04-25,18,1,workday,8
2022-04-26,18,2,workday,8
2022-04-27,18,3,workday,8
2022-04-28,18,4,workday,8
2022-04-29,18,5,workday,8
2022-04-30,18,6,day_off,0
2022-05-01,19,7,day_off,0
2022-05-02,19,1,workday,8
2022-05-03,19,2,workday,8
2022-05-04,19,3,workday,8
2022-05-05,19,4,workday,8
2022-05-06,19,5,workday,8
2022-05-07,19,6,day_off,0
2022-05-08,20,7,day_off,0
2022-05-09,20,1,workday,8
2022-05-10,20,2,workday,8
2022-05-11,20,3,workday,8
2022-05-12,20,4,workday,8
2022-05-13,20,5,workday,8
2022-05-14,20,6,day_off,0
2022-05-15,21,7,day_off,0
2022-05-16,21,1,workday,8
2022-05-17,21,2,workday,8
2022-05-18,21,3,workday,8
2022-05-19,21,4,workday,8
2022-05-20,21,5,workday,8
2022-05-21,21,6,day_off,0
2022-05-22,22,7,day_off,0
2022-05-23,22,1,workday,8
2022-05-24,22,2,workday,8
2022-05-25,22,3,workday,8
2022-05-26,22,4,workday,8
2022-05-27,22,5,workday,8
2022-05-28,22,6,day_off,0
2022-05-29,23,7,day_off,0
2022-05-30,23,1,workday,8
2022-05-31,23,2,workday,8
2022-06-01,23,3,workday,8
2022-06-02,23,4,workday,8
2022-06-03,23,5,workday,8
2022-06-04,23,6,day_off,0
2022-06-05,24,7,day_off,0
2022-06-06,24,1,workday,8
2022-06-07,24,2,workday,8
2022-06-08,24,3,workday,8
2022-06-09,24,4,workday,8
2022-06-10,24,5,workday,8
2022-06-11,24,6,day_off,0
2022-06-12,25,7,day_off,0
2022-06-13,25,1,workday,8
2022-06-14,25,2,workday,8
2022-06-15,25,3,workday,8
2022-06-16,25,4,workday,8
2022-06-17,25,5,workday,8
2022-06-18,25,6,day_off,0
2022-06-19,26,7,day_off,0
2022-06-20,26,1,workday,8
2022-06-21,26,2,workday,8
2022-06-22,26,3,workday,8
2022-06-23,26,4,workday,8
2022-06-24,26,5,workday,8
2022-06-25,26,6,day_off,0
2022-06-26,27,7,day_off,0
2022-06-27,27,1,workday,8
2022-06-28,27,2,workday,8
2022-06-29,27,3,workday,8
2022-06-30,27,4,workday,8
2022-07-01,27,5,workday,8
2022-07-02,27,6,day_off,0
2022-07-03,28,7,day_off,0
2022-07-04,28,1,workday,8
2022-07-05,28,2,workday,8
2022-07-06,28,3,workday,8
2022-07-07,28,4,workday,8
2022-07-08,28,5,workday,8
2022-07-09,28,6,day_off,0
2022-07-10,29,7,day_off,0
2022-07-11,29,1,workday,8
2022-07-12,29,2,workday,8
2022-07-13,29,3,workday,8
2022-07-14,29,4,workday,8
2022-07-15,29,5,workday,8
2022-07-16,29,6,day_off,0
2022-07-17,30,7,day_off,0
2022-07-18,30,1,workday,8
2022-07-19,30,2,workday,8
2022-07-20,30,3,workday,8
2022-07-21,30,4,workday,8
2022-07-22,30,5,workday,8
2022-07-23,30,6,day_off,0
2022-07-24,31,7,day_off,0
2022-07-25,31,1,workday,8
2022-07-26,31,2,workday,8
2022-07-27,31,3,workday,8
2022-07-28,31,4,workday,8
2022-07-29,31,5,workday,8
2022-07-30,31,6,day_off,0
2022-07-31,32,7,day_off,0
2022-08-01,32,1,workday,8
2022-08-02,32,2,workday,8
2022-08-03,32,3,workday,8
2022-08-04,32,4,workday,8
2022-08-05,32,5,workday,8
2022-08-06,32,6,day_off,0
2022-08-07,33,7,day_off,0
2022-08-08,33,1,workday,8
2022-08-09,33,2,workday,8
2022-08-10,33,3,workday,8
2022-08-11,33,4,workday,8
2022-08-12,33,5,workday,8
2022-08-13,33,6,day_off,0
2022-08-14,34,7,day_off,0
2022-08-15,34,1,workday,8
2022-08-16,34,2,workday,8
2022-08-17,34,3,workday,8
2022-08-18,34,4,workday,8
2022-08-19,34,5,workday,8
2022-08-20,34,6,day_off,0
2022-08-21,35,7,day_off,0
2022-08-22,35,1,workday,8
2022-08-23,35,2,workday,8
2022-08-24,35,3,workday,8
2022-08-25,35,4,workday,8
2022-08-26,35,5,workday,8
2022-08-27,35,6,day_off,0
2022-08-28,36,7,day_off,0
2022-08-29,36,1,workday,8
2022-08-30,36,2,workday,8
2022-08-31,36,3,workday,8
2022-09-01,36,4,workday,8
2022-09-02,36,5,workday,8
2022-09-03,36,6,day_off,0
2022-09-04,37,7,day_off,0
2022-09-05,37,1,workday,8
2022-09-06,37,2,workday,8
2022-09-07,37,3,workday,8
2022-09-08,37,4,workday,8
2022-09-09,37,5,workday,8
2022-09-10,37,6,day_off,0
2022-09-11,38,7,day_off,0
2022-09-12,38,1,workday,8
2022-09-13,38,2,workday,8
2022-09-14,38,3,workday,8
2022-09-15,38,4,workday,8
2022-09-16,38,5,workday,8
2022-09-17,38,6,day_off,0
2022-09-18,39,7,day_off,0
2022-09-19,39,1,workday,8
2022-09-20,39,2,workday,8
2022-09-21,39,3,workday,8
2022-09-22,39,4,workday,8
2022-09-23,39,5,workday,8
2022-09-24,39,6,day_off,0
2022-09-25,40,7,day_off,0
2022-09-26,40,1,workday,8
2022-09-27,40,2,workday,8
2022-09-28,40,3,workday,8
2022-09-29,40,4,workday,8
2022-09-30,40,5,workday,8
2022-10-01,40,6,day_off,0
2022-10-02,41,7,day_off,0
2022-10-03,41,1,workday,8
2022-10-04,41,2,workday,8
2022-10-05,41,3,workday,8
2022-10-06,41,4,workday,8
2022-10-07,41,5,workday,8
2022-10-08,41,6,day_off,0
2022-10-09,42,7,day_off,0
2022-10-10,42,1,workday,8
2022-10-11,42,2,workday,8
2022-10-12,42,3,workday,8
2022-10-13,42,4,workday,8
2022-10-14,42,5,workday,8
2022-10-15,42,6,day_off,0
2022-10-16,43,7,day_off,0
2022-10-17,43,1,workday,8
2022-10-18,43,2,workday,8
2022-10-19,43,3,workday,8
2022-10-20,43,4,workday,8
2022-10-21,43,5,workday,8
2022-10-22,43,6,day_off,0
2022-10-23,44,7,day_off,0
2022-10-24,44,1,workday,8
2022-10-25,44,2,workday,8
2022-10-26,44,3,workday,8
2022-10-27,44,4,workday,8
2022-10-28,44,5,workday,8
2022-10-29,44,6,day_off,0
2022-10-30,45,7,day_off,0
2022-10-31,45,1,workday,8
2022-11-01,45,2,workday,8
2022-11-02,45,3,workday,8
2022-11-03,45,4,workday,8
2022-11-04,45,5,workday,8
2022-11-05,45,6,day_off,0
2022-11-06,46,7,day_off,0
2022-11-07,46,1,workday,8
2022-11-08,46,2,workday,8
2022-11-09,46,3,workday,8
2022-11-10,46,4,workday,8
2022-11-11,46,5,workday,8
2022-11-12,46,6,day_off,0
2022-11-13,47,7,day_off,0
2022-11-14,47,1,workday,8
2022-11-15,47,2,workday,8
2022-11-16,47,3,workday,8
2022-11-17,47,4,workday,8
2022-11-18,47,5,workday,8
2022-11-19,47,6,day_off,0
2022-11-20,48,7,day_off,0
2022-11-21,48,1,workday,8
2022-11-22,48,2,workday,8
2022-11-23,48,3,workday,8
2022-11-24,48,4,workday,8
2022-11-25,48,5,workday,8
2022-11-26,48,6,day_off,0
2022-11-27,49,7,day_off,0
2022-11-28,49,1,workday,8
2022-11-29,49,2,workday,8
2022-11-30,49,3,workday,8
2022-12-01,49,4,workday,8
2022-12-02,49,5,workday,8
2022-12-03,49,6,day_off,0
2022-12-04,50,7,day_off,0
2022-12-05,50,1,workday,8
2022-12-06,50,2,workday,8
2022-12-07,50,3,workday,8
2022-12-08,50,4,workday,8
2022-12-09,50,5,workday,8
2022-12-10,50,6,day_off,0
2022-12-11,51,7,day_off,0
2022-12-12,51,1,workday,8
2022-12-13,51,2,workday,8
2022-12-14,51,3,workday,8
2022-12-15,51,4,workday,8
2022-12-16,51,5,workday,8
2022-12-17,51,6,day_off,0
2022-12-18,52,7,day_off,0
2022-12-19,52,1,workday,8
2022-12-20,52,2,workday,8
2022-12-21,52,3,workday,8
2022-12-22,52,4,workday,8
2022-12-23,52,5,workday,8
2022-12-24,52,6,day_off,0
2022-12-25,53,7,day_off,0
2022-12-26,53,1,workday,8
2022-12-27,53,2,workday,8
2022-12-28,53,3,workday,8
2022-12-29,53,4,workday,8
2022-12-30,53,5,workday,8
2022-12-31,53,6,day_off,0
2023-01-01,1,7,day_off,0
2023-01-02,1,1,workday,8
2023-01-03,1,2,workday,8
2023-01-04,1,3,workday,8
2023-01-05,1,4,workday,8
2023-01-06,1,5,workday,8
2023-01-07,1,6,day_off,0
2023-01-08,2,7,day_off,0
2023-01-09,2,1,workday,8
2023-01-10,2,2,workday,8
2023-01-11,2,3,workday,8
2023-01-12,2,4,workday,8
2023-01-13,2,5,workday,8
2023-01-14,2,6,day_off,0
2023-01-15,3,7,day_off,0
2023-01-16,3,1,workday,8
2023-01-17,3,2,workday,8
2023-01-18,3,3,workday,8
2023-01-19,3,4,workday,8
2023-01-20,3,5,workday,8
2023-01-21,3,6,day_off,0
2023-01-22,4,7,day_off,0
2023-01-23,4,1,workday,8
2023-01-24,4,2,workday,8
2023-01-25,4,3,workday,8
2023-01-26,4,4,workday,8
2023-01-27,4,5,workday,8
2023-01-28,4,6,day_off,0
2023-01-29,5,7,day_off,0
2023-01-30,5,1,workday,8
2023-01-31,5,2,workday,8
2023-02-01,5,3,workday,8
2023-02-02,5,4,workday,8
2023-02-03,5,5,workday,8
2023-02-04,5,6,day_off,0
2023-02-05,6,7,day_off,0
2023-02-06,6,1,workday,8
2023-02-07,6,2,workday,8
2023-02-08,6,3,workday,8
2023-02-09,6,4,workday,8
2023-02-10,6,5,workday,8
2023-02-11,6,6,day_off,0
2023-02-12,7,7,day_off,0
2023-02-13,7,1,workday,8
2023-02-14,7,2,workday,8
2023-02-15,7,3,workday,8
2023-02-16,7,4,workday,8
2023-02-17,7,5,workday,8
2023-02-18,7,6,day_off,0
2023-02-19,8,7,day_off,0
2023-02-20,8,1,workday,8
2023-02-21,8,2,workday,8
2023-02-22,8,3,workday,8
2023-02-23,8,4,workday,8
2023-02-24,8,5,workday,8
2023-02-25,8,6,day_off,0
2023-02-26,9,7,day_off,0
2023-02-27,9,1,workday,8
2023-02-28,9,2,workday,8
2023-03-01,9,3,workday,8
2023-03-02,9,4,workday,8
2023-03-03,9,5,workday,8
2023-03-04,9,6,day_off,0
2023-03-05,10,7,day_off,0
2023-03-06,10,1,workday,8
2023-03-07,10,2,workday,8
2023-03-08,10,3,workday,8
2023-03-09,10,4,workday,8
2023-03-10,10,5,workday,8
2023-03-11,10,6,day_off,0
2023-03-12,11,7,day_off,0
2023-03-13,11,1,workday,8
2023-03-14,11,2,workday,8
2023-03-15,11,3,workday,8
2023-03-16,11,4,workday,8
2023-03-17,11,5,workday,8
2023-03-18,11,6,day_off,0
2023-03-19,12,7,day_off,0
2023-03-20,12,1,workday,8
2023-03-21,12,2,workday,8
2023-03-22,12,3,workday,8
2023-03-23,12,4,workday,8
2023-03-24,12,5,workday,8
2023-03-25,12,6,day_off,0
2023-03-26,13,7,day_off,0
2023-03-27,13,1,workday,8
2023-03-28,13,2,workday,8
2023-03-29,13,3,workday,8
2023-03-30,13,4,workday,8
2023-03-31,13,5,workday,8
2023-04-01,13,6,day_off,0
2023-04-02,14,7,day_off,0
2023-04-03,14,1,workday,8
2023-04-04,14,2,workday,8
2023-04-05,14,3,workday,8
2023-04-06,14,4,workday,8
2023-04-07,14,5,workday,8
2023-04-08,14,6,day_off,0
2023-04-09,15,7,day_off,0
2023-04-10,15,1,workday,8
2023-04-11,15,2,workday,8
2023-04-12,15,3,workday,8
2023-04-13,15,4,workday,8
2023-04-14,15,5,workday,8
2023-04-15,15,6,day_off,0
2023-04-16,16,7,day_off,0
2023-04-17,16,1,workday,8
2023-04-18,16,2,workday,8
2023-04-19,16,3,workday,8
2023-04-20,16,4,workday,8
2023-04-21,16,5,workday,8
2023-04-22,16,6,day_off,0
2023-04-23,17,7,day_off,0
2023-04-24,17,1,workday,8
2023-04-25,17,2,workday,8
2023-04-26,17,3,workday,8
2023-04-27,17,4,workday,8
2023-04-28,17,5,workday,8
2023-04-29,17,6,day_off,0
2023-04-30,18,7,day_off,0
2023-05-01,18,1,workday,8
2023-05-02,18,2,workday,8
2023-05-03,18,3,workday,8
2023-05-04,18,4,workday,8
2023-05-05,18,5,workday,8
2023-05-06,18,6,day_off,0
2023-05-07,19,7,day_off,0
2023-05-08,19,1,workday,8
2023-05-09,19,2,workday,8
2023-05-10,19,3,workday,8
2023-05-11,19,4,workday,8
2023-05-12,19,5,workday,8
2023-05-13,19,6,day_off,0
2023-05-14,20,7,day_off,0
2023-05-15,20,1,workday,8
2023-05-16,20,2,workday,8
2023-05-17,20,3,workday,8
2023-05-18,20,4,workday,8
2023-05-19,20,5,workday,8
2023-05-20,20,6,day_off,0
2023-05-21,21,7,day_off,0
2023-05-22,21,1,workday,8
2023-05-23,21,2,workday,8
2023-05-24,21,3,workday,8
2023-05-25,21,4,workday,8
2023-05-26,21,5,workday,8
2023-05-27,21,6,day_off,0
2023-05-28,22,7,day_off,0
2023-05-29,22,1,workday,8
2023-05-30,22,2,workday,8
2023-05-31,22,3,workday,8
2023-06-01,22,4,workday,8
2023-06-02,22,5,workday,8
2023-06-03,22,6,day_off,0
2023-06-04,23,7,day_off,0
2023-06-05,23,1,workday,8
2023-06-06,23,2,workday,8
2023-06-07,23,3,workday,8
2023-06-08,23,4,workday,8
2023-06-09,23,5,workday,8
2023-06-10,23,6,day_off,0
2023-06-11,24,7,day_off,0
2023-06-12,24,1,workday,8
2023-06-13,24,2,workday,8
2023-06-14,24,3,workday,8
2023-06-15,24,4,workday,8
2023-06-16,24,5,workday,8
2023-06-17,24,6,day_off,0
2023-06-18,25,7,day_off,0
2023-06-19,25,1,workday,8
2023-06-20,25,2,workday,8
2023-06-21,25,3,workday,8
2023-06-22,25,4,workday,8
2023-06-23,25,5,workday,8
2023-06-24,25,6,day_off,0
2023-06-25,26,7,day_off,0
2023-06-26,26,1,workday,8
2023-06-27,26,2,workday,8
2023-06-28,26,3,workday,8
2023-06-29,26,4,workday,8
2023-06-30,26,5,workday,8
2023-07-01,26,6,day_off,0
2023-07-02,27,7,day_off,0
2023-07-03,27,1,workday,8
2023-07-04,27,2,workday,8
2023-07-05,27,3,workday,8
2023-07-06,27,4,workday,8
2023-07-07,27,5,workday,8
2023-07-08,27,6,day_off,0
2023-07-09,28,7,day_off,0
2023-07-10,28,1,workday,8
2023-07-11,28,2,workday,8
2023-07-12,28,3,workday,8
2023-07-13,28,4,workday,8
2023-07-14,28,5,workday,8
2023-07-15,28,6,day_off,0
2023-07-16,29,7,day_off,0
2023-07-17,29,1,workday,8
2023-07-18,29,2,workday,8
2023-07-19,29,3,workday,8
2023-07-20,29,4,workday,8
2023-07-21,29,5,workday,8
2023-07-22,29,6,day_off,0
2023-07-23,30,7,day_off,0
2023-07-24,30,1,workday,8
2023-07-25,30,2,workday,8
2023-07-26,30,3,workday,8
2023-07-27,30,4,workday,8
2023-07-28,30,5,workday,8
2023-07-29,30,6,day_off,0
2023-07-30,31,7,day_off,0
2023-07-31,31,1,workday,8
2023-08-01,31,2,workday,8
2023-08-02,31,3,workday,8
2023-08-03,31,4,workday,8
2023-08-04,31,5,workday,8
2023-08-05,31,6,day_off,0
2023-08-06,32,7,day_off,0
2023-08-07,32,1,workday,8
2023-08-08,32,2,workday,8
2023-08-09,32,3,workday,8
2023-08-10,32,4,workday,8
2023-08-11,32,5,workday,8
2023-08-12,32,6,day_off,0
2023-08-13,33,7,day_off,0
2023-08-14,33,1,workday,8
2023-08-15,33,2,workday,8
2023-08-16,33,3,workday,8
2023-08-17,33,4,workday,8
2023-08-18,33,5,workday,8
2023-08-19,33,6,day_off,0
2023-08-20,34,7,day_off,0
2023-08-21,34,1,workday,8
2023-08-22,34,2,workday,8
2023-08-23,34,3,workday,8
2023-08-24,34,4,workday,8
2023-08-25,34,5,workday,8
2023-08-26,34,6,day_off,0
2023-08-27,35,7,day_off,0
2023-08-28,35,1,workday,8
2023-08-29,35,2,workday,8
2023-08-30,35,3,workday,8
2023-08-31,35,4,workday,8
2023-09-01,35,5,workday,8
2023-09-02,35,6,day_off,0
2023-09-03,36,7,day_off,0
2023-09-04,36,1,workday,8
2023-09-05,36,2,workday,8
2023-09-06,36,3,workday,8
2023-09-07,36,4,workday,8
2023-09-08,36,5,workday,8
2023-09-09,36,6,day_off,0
2023-09-10,37,7,day_off,0
2023-09-11,37,1,workday,8
2023-09-12,37,2,workday,8
2023-09-13,37,3,workday,8
2023-09-14,37,4,workday,8
2023-09-15,37,5,workday,8
2023-09-16,37,6,day_off,0
2023-09-17,38,7,day_off,0
2023-09-18,38,1,workday,8
2023-09-19,38,2,workday,8
2023-09-20,38,3,workday,8
2023-09-21,38,4,workday,8
2023-09-22,38,5,workday,8
2023-09-23,38,6,day_off,0
2023-09-24,39,7,day_off,0
2023-09-25,39,1,workday,8
2023-09-26,39,2,workday,8
2023-09-27,39,3,workday,8
2023-09-28,39,4,workday,8
2023-09-29,39,5,workday,8
2023-09-30,39,6,day_off,0
2023-10-01,40,7,day_off,0
2023-10-02,40,1,workday,8
2023-10-03,40,2,workday,8
2023-10-04,40,3,workday,8
2023-10-05,40,4,workday,8
2023-10-06,40,5,workday,8
2023-10-07,40,6,day_off,0
2023-10-08,41,7,day_off,0
2023-10-09,41,1,workday,8
2023-10-10,41,2,workday,8
2023-10-11,41,3,workday,8
2023-10-12,41,4,workday,8
2023-10-13,41,5,workday,8
2023-10-14,41,6,day_off,0
2023-10-15,42,7,day_off,0
2023-10-16,42,1,workday,8
2023-10-17,42,2,workday,8
2023-10-18,42,3,workday,8
2023-10-19,42,4,workday,8
2023-10-20,42,5,workday,8
2023-10-21,42,6,day_off,0
2023-10-22,43,7,day_off,0
2023-10-23,43,1,workday,8
2023-10-24,43,2,workday,8
2023-10-25,43,3,workday,8
2023-10-26,43,4,workday,8
2023-10-27,43,5,workday,8
2023-10-28,43,6,day_off,0
2023-10-29,44,7,day_off,0
2023-10-30,44,1,workday,8
2023-10-31,44,2,workday,8
2023-11-01,44,3,workday,8
2023-11-02,44,4,workday,8
2023-11-03,44,5,workday,8
2023-11-04,44,6,day_off,0
2023-11-05,45,7,day_off,0
2023-11-06,45,1,workday,8
2023-11-07,45,2,workday,8
2023-11-08,45,3,workday,8
2023-11-09,45,4,workday,8
2023-11-10,45,5,workday,8
2023-11-11,45,6,day_off,0
2023-11-12,46,7,day_off,0
2023-11-13,46,1,workday,8
2023-11-14,46,2,workday,8
2023-11-15,46,3,workday,8
2023-11-16,46,4,workday,8
2023-11-17,46,5,workday,8
2023-11-18,46,6,day_off,0
2023-11-19,47,7,day_off,0
2023-11-20,47,1,workday,8
2023-11-21,47,2,workday,8
2023-11-22,47,3,workday,8
2023-11-23,47,4,workday,8
2023-11-24,47,5,workday,8
2023-11-25,47,6,day_off,0
2023-11-26,48,7,day_off,0
2023-11-27,48,1,workday,8
2023-11-28,48,2,workday,8
2023-11-29,48,3,workday,8
2023-11-30,48,4,workday,8
2023-12-01,48,5,workday,8
2023-12-02,48,6,day_off,0
2023-12-03,49,7,day_off,0
2023-12-04,49,1,workday,8
2023-12-05,49,2,workday,8
2023-12-06,49,3,workday,8
2023-12-07,49,4,workday,8
2023-12-08,49,5,workday,8
2023-12-09,49,6,day_off,0
2023-12-10,50,7,day_off,0
2023-12-11,50,1,workday,8
2023-12-12,50,2,workday,8
2023-12-13,50,3,workday,8
2023-12-14,50,4,workday,8
2023-12-15,50,5,workday,8
2023-12-16,50,6,day_off,0
2023-12-17,51,7,day_off,0
2023-12-18,51,1,workday,8
2023-12-19,51,2,workday,8
2023-12-20,51,3,workday,8
2023-12-21,51,4,workday,8
2023-12-22,51,5,workday,8
2023-12-23,51,6,day_off,0
2023-12-24,52,7,day_off,0
2023-12-25,52,1,workday,8
2023-12-26,52,2,workday,8
2023-12-27,52,3,workday,8
2023-12-28,52,4,workday,8
2023-12-29,52,5,workday,8
2023-12-30,52,6,day_off,0
2023-12-31,53,7,day_off,0
2024-01-01,1,1,workday,8
2024-01-02,1,2,workday,8
2024-01-03,1,3,workday,8
2024-01-04,1,4,workday,8
2024-01-05,1,5,workday,8
2024-01-06,1,6,day_off,0
2024-01-07,2,7,day_off,0
2024-01-08,2,1,workday,8
2024-01-09,2,2,workday,8
2024-01-10,2,3,workday,8
2024-01-11,2,4,workday,8
2024-01-12,2,5,workday,8
2024-01-13,2,6,day_off,0
2024-01-14,3,7,day_off,0
2024-01-15,3,1,workday,8
2024-01-16,3,2,workday,8
2024-01-17,3,3,workday,8
2024-01-18,3,4,workday,8
2024-01-19,3,5,workday,8
2024-01-20,3,6,day_off,0
2024-01-21,4,7,day_off,0
2024-01-22,4,1,workday,8
2024-01-23,4,2,workday,8
2024-01-24,4,3,workday,8
2024-01-25,4,4,workday,8
2024-01-26,4,5,workday,8
2024-01-27,4,6,day_off,0
2024-01-28,5,7,day_off,0
2024-01-29,5,1,workday,8
2024-01-30,5,2,workday,8
2024-01-31,5,3,workday,8
2024-02-01,5,4,workday,8
2024-02-02,5,5,workday,8
2024-02-03,5,6,day_off,0
2024-02-04,6,7,day_off,0
2024-02-05,6,1,workday,8
2024-02-06,6,2,workday,8
2024-02-07,6,3,workday,8
2024-02-08,6,4,workday,8
2024-02-09,6,5,workday,8
2024-02-10,6,6,day_off,0
2024-02-11,7,7,day_off,0
2024-02-12,7,1,workday,8
2024-02-13,7,2,workday,8
2024-02-14,7,3,workday,8
2024-02-15,7,4,workday,8
2024-02-16,7,5,workday,8
2024-02-17,7,6,day_off,0
2024-02-18,8,7,day_off,0
2024-02-19,8,1,workday,8
2024-02-20,8,2,workday,8
2024-02-21,8,3,workday,8
2024-02-22,8,4,workday,8
2024-02-23,8,5,workday,8
2024-02-24,8,6,day_off,0
2024-02-25,9,7,day_off,0
2024-02-26,9,1,workday,8
2024-02-27,9,2,workday,8
2024-02-28,9,3,workday,8
2024-02-29,9,4,workday,8
2024-03-01,9,5,workday,8
2024-03-02,9,6,day_off,0
2024-03-03,10,7,day_off,0
2024-03-04,10,1,workday,8
2024-03-05,10,2,workday,8
2024-03-06,10,3,workday,8
2024-03-07,10,4,workday,8
2024-03-08,10,5,workday,8
2024-03-09,10,6,day_off,0
2024-03-10,11,7,day_off,0
2024-03-11,11,1,workday,8
2024-03-12,11,2,workday,8
2024-03-13,11,3,workday,8
2024-03-14,11,4,workday,8
2024-03-15,11,5,workday,8
2024-03-16,11,6,day_off,0
2024-03-17,12,7,day_off,0
2024-03-18,12,1,workday,8
2024-03-19,12,2,workday,8
2024-03-20,12,3,workday,8
2024-03-21,12,4,workday,8
2024-03-22,12,5,workday,8
2024-03-23,12,6,day_off,0
2024-03-24,13,7,day_off,0
2024-03-25,13,1,workday,8
2024-03-26,13,2,workday,8
2024-03-27,13,3,workday,8
2024-03-28,13,4,workday,8
2024-03-29,13,5,workday,8
2024-03-30,13,6,day_off,0
2024-03-31,14,7,day_off,0
2024-04-01,14,1,workday,8
2024-04-02,14,2,workday,8
2024-04-03,14,3,workday,8
2024-04-04,14,4,workday,8
2024-04-05,14,5,workday,8
2024-04-06,14,6,day_off,0
2024-04-07,15,7,day_off,0
2024-04-08,15,1,workday,8
2024-04-09,15,2,workday,8
2024-04-10,15,3,workday,8
2024-04-11,15,4,workday,8
2024-04-12,15,5,workday,8
2024-04-13,15,6,day_off,0
2024-04-14,16,7,day_off,0
2024-04-15,16,1,workday,8
2024-04-16,16,2,workday,8
2024-04-17,16,3,workday,8
2024-04-18,16,4,workday,8
2024-04-19,16,5,workday,8
2024-04-20,16,6,day_off,0
2024-04-21,17,7,day_off,0
2024-04-22,17,1,workday,8
2024-04-23,17,2,workday,8
2024-04-24,17,3,workday,8
2024-04-25,17,4,workday,8
2024-04-26,17,5,workday,8
2024-04-27,17,6,day_off,0
2024-04-28,18,7,day_off,0
2024-04-29,18,1,workday,8
2024-04-30,18,2,workday,8
2024-05-01,18,3,workday,8
2024-05-02,18,4,workday,8
2024-05-03,18,5,workday,8
2024-05-04,18,6,day_off,0
2024-05-05,19,7,day_off,0
2024-05-06,19,1,workday,8
2024-05-07,19,2,workday,8
2024-05-08,19,3,workday,8
2024-05-09,19,4,workday,8
2024-05-10,19,5,workday,8
2024-05-11,19,6,day_off,0
2024-05-12,20,7,day_off,0
2024-05-13,20,1,workday,8
2024-05-14,20,2,workday,8
2024-05-15,20,3,workday,8
2024-05-16,20,4,workday,8
2024-05-17,20,5,workday,8
2024-05-18,20,6,day_off,0
2024-05-19,21,7,day_off,0
2024-05-20,21,1,workday,8
2024-05-21,21,2,workday,8
2024-05-22,21,3,workday,8
2024-05-23,21,4,workday,8
2024-05-24,21,5,workday,8
2024-05-25,21,6,day_off,0
2024-05-26,22,7,day_off,0
2024-05-27,22,1,workday,8
2024-05-28,22,2,workday,8
2024-05-29,22,3,workday,8
2024-05-30,22,4,workday,8
2024-05-31,22,5,workday,8
2024-06-01,22,6,day_off,0
2024-06-02,23,7,day_off,0
2024-06-03,23,1,workday,8
2024-06-04,23,2,workday,8
2024-06-05,23,3,workday,8
2024-06-06,23,4,workday,8
2024-06-07,23,5,workday,8
2024-06-08,23,6,day_off,0
2024-06-09,24,7,day_off,0
2024-06-10,24,1,workday,8
2024-06-11,24,2,workday,8
2024-06-12,24,3,workday,8
2024-06-13,24,4,workday,8
2024-06-14,24,5,workday,8
2024-06-15,24,6,day_off,0
2024-06-16,25,7,day_off,0
2024-06-17,25,1,workday,8
2024-06-18,25,2,workday,8
2024-06-19,25,3,workday,8
2024-06-20,25,4,workday,8
2024-06-21,25,5,workday,8
2024-06-22,25,6,day_off,0
2024-06-23,26,7,day_off,0
2024-06-24,26,1,workday,8
2024-06-25,26,2,workday,8
2024-06-26,26,3,workday,8
2024-06-27,26,4,workday,8
2024-06-28,26,5,workday,8
2024-06-29,26,6,day_off,0
2024-06-30,27,7,day_off,0
2024-07-01,27,1,workday,8
2024-07-02,27,2,workday,8
2024-07-03,27,3,workday,8
2024-07-04,27,4,workday,8
2024-07-05,27,5,workday,8
2024-07-06,27,6,day_off,0
2024-07-07,28,7,day_off,0
2024-07-08,28,1,workday,8
2024-07-09,28,2,workday,8
2024-07-10,28,3,workday,8
2024-07-11,28,4,workday,8
2024-07-12,28,5,workday,8
2024-07-13,28,6,day_off,0
2024-07-14,29,7,day_off,0
2024-07-15,29,1,workday,8
2024-07-16,29,2,workday,8
2024-07-17,29,3,workday,8
2024-07-18,29,4,workday,8
2024-07-19,29,5,workday,8
2024-07-20,29,6,day_off,0
2024-07-21,30,7,day_off,0
2024-07-22,30,1,workday,8
2024-07-23,30,2,workday,8
2024-07-24,30,3,workday,8
2024-07-25,30,4,workday,8
2024-07-26,30,5,workday,8
2024-07-27,30,6,day_off,0
2024-07-28,31,7,day_off,0
2024-07-29,31,1,workday,8
2024-07-30,31,2,workday,8
2024-07-31,31,3,workday,8
2024-08-01,31,4,workday,8
2024-08-02,31,5,workday,8
2024-08-03,31,6,day_off,0
2024-08-04,32,7,day_off,0
2024-08-05,32,1,workday,8
2024-08-06,32,2,workday,8
2024-08-07,32,3,workday,8
2024-08-08,32,4,workday,8
2024-08-09,32,5,workday,8
2024-08-10,32,6,day_off,0
2024-08-11,33,7,day_off,0
2024-08-12,33,1,workday,8
2024-08-13,33,2,workday,8
2024-08-14,33,3,workday,8
2024-08-15,33,4,workday,8
2024-08-16,33,5,workday,8
2024-08-17,33,6,day_off,0
2024-08-18,34,7,day_off,0
2024-08-19,34,1,workday,8
2024-08-20,34,2,workday,8
2024-08-21,34,3,workday,8
2024-08-22,34,4,workday,8
2024-08-23,34,5,workday,8
2024-08-24,34,6,day_off,0
2024-08-25,35,7,day_off,0
2024-08-26,35,1,workday,8
2024-08-27,35,2,workday,8
2024-08-28,35,3,workday,8
2024-08-29,35,4,workday,8
2024-08-30,35,5,workday,8
2024-08-31,35,6,day_off,0
2024-09-01,36,7,day_off,0
2024-09-02,36,1,workday,8
2024-09-03,36,2,workday,8
2024-09-04,36,3,workday,8
2024-09-05,36,4,workday,8
2024-09-06,36,5,workday,8
2024-09-07,36,6,day_off,0
2024-09-08,37,7,day_off,0
2024-09-09,37,1,workday,8
2024-09-10,37,2,workday,8
2024-09-11,37,3,workday,8
2024-09-12,37,4,workday,8
2024-09-13,37,5,workday,8
2024-09-14,37,6,day_off,0
2024-09-15,38,7,day_off,0
2024-09-16,38,1,workday,8
2024-09-17,38,2,workday,8
2024-09-18,38,3,workday,8
2024-09-19,38,4,workday,8
2024-09-20,38,5,workday,8
2024-09-21,38,6,day_off,0
2024-09-22,39,7,day_off,0
2024-09-23,39,1,workday,8
2024-09-24,39,2,workday,8
2024-09-25,39,3,workday,8
2024-09-26,39,4,workday,8
2024-09-27,39,5,workday,8
2024-09-28,39,6,day_off,0
2024-09-29,40,7,day_off,0
2024-09-30,40,1,workday,8
2024-10-01,40,2,workday,8
2024-10-02,40,3,workday,8
2024-10-03,40,4,workday,8
2024-10-04,40,5,workday,8
2024-10-05,40,6,day_off,0
2024-10-06,41,7,day_off,0
2024-10-07,41,1,workday,8
2024-10-08,41,2,workday,8
2024-10-09,41,3,workday,8
2024-10-10,41,4,workday,8
2024-10-11,41,5,workday,8
2024-10-12,41,6,day_off,0
2024-10-13,42,7,day_off,0
2024-10-14,42,1,workday,8
2024-10-15,42,2,workday,8
2024-10-16,42,3,workday,8
2024-10-17,42,4,workday,8
2024-10-18,42,5,workday,8
2024-10-19,42,6,day_off,0
2024-10-20,43,7,day_off,0
2024-10-21,43,1,workday,8
2024-10-22,43,2,workday,8
2024-10-23,43,3,workday,8
2024-10-24,43,4,workday,8
2024-10-25,43,5,workday,8
2024-10-26,43,6,day_off,0
2024-10-27,44,7,day_off,0
2024-10-28,44,1,workday,8
2024-10-29,44,2,workday,8
2024-10-30,44,3,workday,8
2024-10-31,44,4,workday,8
2024-11-01,44,5,workday,8
2024-11-02,44,6,day_off,0
2024-11-03,45,7,day_off,0
2024-11-04,45,1,workday,8
2024-11-05,45,2,workday,8
2024-11-06,45,3,workday,8
2024-11-07,45,4,workday,8
2024-11-08,45,5,workday,8
2024-11-09,45,6,day_off,0
2024-11-10,46,7,day_off,0
2024-11-11,46,1,workday,8
2024-11-12,46,2,workday,8
2024-11-13,46,3,workday,8
2024-11-14,46,4,workday,8
2024-11-15,46,5,workday,8
2024-11-16,46,6,day_off,0
2024-11-17,47,7,day_off,0
2024-11-18,47,1,workday,8
2024-11-19,47,2,workday,8
2024-11-20,47,3,workday,8
2024-11-21,47,4,workday,8
2024-11-22,47,5,workday,8
2024-11-23,47,6,day_off,0
2024-11-24,48,7,day_off,0
2024-11-25,48,1,workday,8
2024-11-26,48,2,workday,8
2024-11-27,48,3,workday,8
2024-11-28,48,4,workday,8
2024-11-29,48,5,workday,8
2024-11-30,48,6,day_off,0
2024-12-01,49,7,day_off,0
2024-12-02,49,1,workday,8
2024-12-03,49,2,workday,8
2024-12-04,49,3,workday,8
2024-12-05,49,4,workday,8
2024-12-06,49,5,workday,8
2024-12-07,49,6,day_off,0
2024-12-08,50,7,day_off,0
2024-12-09,50,1,workday,8
2024-12-10,50,2,workday,8
2024-12-11,50,3,workday,8
2024-12-12,50,4,workday,8
2024-12-13,50,5,workday,8
2024-12-14,50,6,day_off,0
2024-12-15,51,7,day_off,0
2024-12-16,51,1,workday,8
2024-12-17,51,2,workday,8
2024-12-18,51,3,workday,8
2024-12-19,51,4,workday,8
2024-12-20,51,5,workday,8
2024-12-21,51,6,day_off,0
2024-12-22,52,7,day_off,0
2024-12-23,52,1,workday,8
2024-12-24,52,2,workday,8
2024-12-25,52,3,workday,8
2024-12-26,52,4,workday,8
2024-12-27,52,5,workday,8
2024-12-28,52,6,day_off,0
2024-12-29,53,7,day_off,0
2024-12-30,53,1,workday,8
2024-12-31,53,2,workday,8